[
  {
    "username": "cygo0",
    "email": "rtearle0@unc.edu",
    "createdAt": 1615144265722
  },
  {
    "username": "rabrahamoff1",
    "email": "lbuttrick1@nationalgeographic.com",
    "createdAt": 1615144265723
  },
  {
    "username": "ljeffers2",
    "email": "nleggis2@163.com",
    "createdAt": 1615144265724
  },
  {
    "username": "clidell3",
    "email": "jwhittet3@disqus.com",
    "createdAt": 1615144265725
  },
  {
    "username": "eruslin4",
    "email": "dtrawin4@parallels.com",
    "createdAt": 1615144265726
  },
  {
    "username": "ayakuntsov5",
    "email": "gsingers5@xinhuanet.com",
    "createdAt": 1615144265727
  },
  {
    "username": "mslaney6",
    "email": "kfury6@gov.uk",
    "createdAt": 1615144265728
  },
  {
    "username": "ikosiada7",
    "email": "avasilik7@godaddy.com",
    "createdAt": 1615144265729
  },
  {
    "username": "tmckerrow8",
    "email": "dkovnot8@nymag.com",
    "createdAt": 1615144265730
  },
  {
    "username": "roscanlon9",
    "email": "rlockey9@w3.org",
    "createdAt": 1615144265731
  },
  {
    "username": "hjeppensena",
    "email": "ematthiasa@arstechnica.com",
    "createdAt": 1615144265732
  },
  {
    "username": "mseilerb",
    "email": "ltyerb@slashdot.org",
    "createdAt": 1615144265733
  },
  {
    "username": "rwilcockc",
    "email": "rgayec@europa.eu",
    "createdAt": 1615144265734
  },
  {
    "username": "aknevetd",
    "email": "bsruttond@spotify.com",
    "createdAt": 1615144265735
  },
  {
    "username": "bashleee",
    "email": "tsummersone@apple.com",
    "createdAt": 1615144265736
  },
  {
    "username": "kbouldonf",
    "email": "rchrispinf@ovh.net",
    "createdAt": 1615144265737
  },
  {
    "username": "cwookeyg",
    "email": "vflahyg@bing.com",
    "createdAt": 1615144265738
  },
  {
    "username": "todeah",
    "email": "wcoveh@google.fr",
    "createdAt": 1615144265739
  },
  {
    "username": "adoxeyi",
    "email": "ehamberstonei@about.me",
    "createdAt": 1615144265740
  },
  {
    "username": "msauntj",
    "email": "mloughneyj@google.ca",
    "createdAt": 1615144265741
  },
  {
    "username": "nsegebrechtk",
    "email": "dansillk@hostgator.com",
    "createdAt": 1615144265742
  },
  {
    "username": "wstranieril",
    "email": "bmeggisonl@skype.com",
    "createdAt": 1615144265743
  },
  {
    "username": "taleksahkinm",
    "email": "psicelym@bloglovin.com",
    "createdAt": 1615144265744
  },
  {
    "username": "abatcheldern",
    "email": "nklulisekn@rambler.ru",
    "createdAt": 1615144265746
  },
  {
    "username": "aprimetto",
    "email": "ejoskowiczo@craigslist.org",
    "createdAt": 1615144265747
  },
  {
    "username": "ssloamp",
    "email": "amellersp@google.ru",
    "createdAt": 1615144265748
  },
  {
    "username": "drosewarneq",
    "email": "nenrightq@sina.com.cn",
    "createdAt": 1615144265749
  },
  {
    "username": "ddebiasir",
    "email": "ceskrickr@nytimes.com",
    "createdAt": 1615144265750
  },
  {
    "username": "twreakess",
    "email": "adowderswells@biblegateway.com",
    "createdAt": 1615144265751
  },
  {
    "username": "nbanaszczykt",
    "email": "ldellenbrokert@ycombinator.com",
    "createdAt": 1615144265752
  },
  {
    "username": "ashacklefordu",
    "email": "dburkhillu@cnet.com",
    "createdAt": 1615144265753
  },
  {
    "username": "lfewlassv",
    "email": "ablivenv@bravesites.com",
    "createdAt": 1615144265754
  },
  {
    "username": "jsandryw",
    "email": "mroomew@gov.uk",
    "createdAt": 1615144265755
  },
  {
    "username": "ksueterx",
    "email": "thandlingx@cdbaby.com",
    "createdAt": 1615144265756
  },
  {
    "username": "rdiviney",
    "email": "vinglishy@goo.gl",
    "createdAt": 1615144265757
  },
  {
    "username": "lrysonz",
    "email": "qpockeyz@cpanel.net",
    "createdAt": 1615144265758
  },
  {
    "username": "kspilsted10",
    "email": "beckery10@ftc.gov",
    "createdAt": 1615144265759
  },
  {
    "username": "eboome11",
    "email": "cspensley11@wordpress.org",
    "createdAt": 1615144265760
  },
  {
    "username": "jguwer12",
    "email": "ldelue12@wikia.com",
    "createdAt": 1615144265761
  },
  {
    "username": "lellicock13",
    "email": "qdiment13@amazon.co.uk",
    "createdAt": 1615144265762
  },
  {
    "username": "cmelville14",
    "email": "jrisson14@flickr.com",
    "createdAt": 1615144265763
  },
  {
    "username": "bfolke15",
    "email": "hbearman15@omniture.com",
    "createdAt": 1615144265764
  },
  {
    "username": "ahodgon16",
    "email": "ccourvert16@ucla.edu",
    "createdAt": 1615144265765
  },
  {
    "username": "fmashal17",
    "email": "jeasbie17@jimdo.com",
    "createdAt": 1615144265766
  },
  {
    "username": "kkassel18",
    "email": "dnewhouse18@ucla.edu",
    "createdAt": 1615144265767
  },
  {
    "username": "rpoulson19",
    "email": "zminney19@accuweather.com",
    "createdAt": 1615144265768
  },
  {
    "username": "ikinsley1a",
    "email": "cailsbury1a@1und1.de",
    "createdAt": 1615144265769
  },
  {
    "username": "bpinches1b",
    "email": "oabbs1b@example.com",
    "createdAt": 1615144265770
  },
  {
    "username": "habramchik1c",
    "email": "jmcrobb1c@dropbox.com",
    "createdAt": 1615144265771
  },
  {
    "username": "lgregorin1d",
    "email": "utomasutti1d@comsenz.com",
    "createdAt": 1615144265772
  },
  {
    "username": "ccanada1e",
    "email": "nallon1e@java.com",
    "createdAt": 1615144265773
  },
  {
    "username": "kcarlesso1f",
    "email": "mvoden1f@microsoft.com",
    "createdAt": 1615144265774
  },
  {
    "username": "lmccrisken1g",
    "email": "cramsted1g@oaic.gov.au",
    "createdAt": 1615144265775
  },
  {
    "username": "bluciani1h",
    "email": "chammell1h@diigo.com",
    "createdAt": 1615144265776
  },
  {
    "username": "bamiranda1i",
    "email": "lmacanespie1i@buzzfeed.com",
    "createdAt": 1615144265777
  },
  {
    "username": "caudiss1j",
    "email": "gmarking1j@cnet.com",
    "createdAt": 1615144265778
  },
  {
    "username": "eglendining1k",
    "email": "lrhead1k@cbsnews.com",
    "createdAt": 1615144265779
  },
  {
    "username": "srangall1l",
    "email": "smallabar1l@miitbeian.gov.cn",
    "createdAt": 1615144265780
  },
  {
    "username": "rsalway1m",
    "email": "obumford1m@qq.com",
    "createdAt": 1615144265781
  },
  {
    "username": "mlecount1n",
    "email": "wbeades1n@diigo.com",
    "createdAt": 1615144265782
  },
  {
    "username": "atropman1o",
    "email": "rcolbert1o@github.com",
    "createdAt": 1615144265783
  },
  {
    "username": "ipalmer1p",
    "email": "brossi1p@nydailynews.com",
    "createdAt": 1615144265784
  },
  {
    "username": "rwinch1q",
    "email": "acunio1q@chron.com",
    "createdAt": 1615144265785
  },
  {
    "username": "jsawfoot1r",
    "email": "mswetenham1r@marriott.com",
    "createdAt": 1615144265786
  },
  {
    "username": "ajovicevic1s",
    "email": "rguyers1s@theglobeandmail.com",
    "createdAt": 1615144265787
  },
  {
    "username": "tnavein1t",
    "email": "tpendergrast1t@discuz.net",
    "createdAt": 1615144265788
  },
  {
    "username": "ccuniffe1u",
    "email": "tbycraft1u@nymag.com",
    "createdAt": 1615144265789
  },
  {
    "username": "ohaggidon1v",
    "email": "rvanyashkin1v@nps.gov",
    "createdAt": 1615144265790
  },
  {
    "username": "acabrales1w",
    "email": "esteeden1w@dedecms.com",
    "createdAt": 1615144265791
  },
  {
    "username": "dbottrill1x",
    "email": "dconibere1x@cisco.com",
    "createdAt": 1615144265792
  },
  {
    "username": "awarret1y",
    "email": "selsie1y@smugmug.com",
    "createdAt": 1615144265793
  },
  {
    "username": "acadman1z",
    "email": "wtape1z@marriott.com",
    "createdAt": 1615144265794
  },
  {
    "username": "cwindows20",
    "email": "swallsworth20@weibo.com",
    "createdAt": 1615144265795
  },
  {
    "username": "bhardesty21",
    "email": "mbeldam21@nasa.gov",
    "createdAt": 1615144265796
  },
  {
    "username": "rnorledge22",
    "email": "sblunkett22@sakura.ne.jp",
    "createdAt": 1615144265797
  },
  {
    "username": "sdakers23",
    "email": "maudritt23@example.com",
    "createdAt": 1615144265798
  },
  {
    "username": "ekeri24",
    "email": "human24@sfgate.com",
    "createdAt": 1615144265799
  },
  {
    "username": "bstirman25",
    "email": "kferron25@woothemes.com",
    "createdAt": 1615144265800
  },
  {
    "username": "clackham26",
    "email": "lvarley26@ycombinator.com",
    "createdAt": 1615144265801
  },
  {
    "username": "mmorden27",
    "email": "amibourne27@mail.ru",
    "createdAt": 1615144265802
  },
  {
    "username": "jpemberton28",
    "email": "ndysart28@ihg.com",
    "createdAt": 1615144265803
  },
  {
    "username": "dfieller29",
    "email": "jleate29@home.pl",
    "createdAt": 1615144265804
  },
  {
    "username": "kdobrovolski2a",
    "email": "brichardes2a@wix.com",
    "createdAt": 1615144265805
  },
  {
    "username": "dbowker2b",
    "email": "egolborne2b@sphinn.com",
    "createdAt": 1615144265806
  },
  {
    "username": "wphillimore2c",
    "email": "svallens2c@google.co.uk",
    "createdAt": 1615144265807
  },
  {
    "username": "nmassen2d",
    "email": "fmarre2d@dropbox.com",
    "createdAt": 1615144265808
  },
  {
    "username": "mpactat2e",
    "email": "rgostage2e@trellian.com",
    "createdAt": 1615144265809
  },
  {
    "username": "araincin2f",
    "email": "hgeater2f@mail.ru",
    "createdAt": 1615144265810
  },
  {
    "username": "gwalley2g",
    "email": "cstoller2g@nps.gov",
    "createdAt": 1615144265811
  },
  {
    "username": "ahawking2h",
    "email": "jcurado2h@google.co.uk",
    "createdAt": 1615144265812
  },
  {
    "username": "okirsop2i",
    "email": "wdavidou2i@shutterfly.com",
    "createdAt": 1615144265813
  },
  {
    "username": "jaudus2j",
    "email": "cirwin2j@newsvine.com",
    "createdAt": 1615144265814
  },
  {
    "username": "rbain2k",
    "email": "emerrell2k@cafepress.com",
    "createdAt": 1615144265815
  },
  {
    "username": "arotte2l",
    "email": "noven2l@disqus.com",
    "createdAt": 1615144265816
  },
  {
    "username": "rbengefield2m",
    "email": "rmounsie2m@pcworld.com",
    "createdAt": 1615144265817
  },
  {
    "username": "imetham2n",
    "email": "efranklin2n@jugem.jp",
    "createdAt": 1615144265818
  },
  {
    "username": "ctremeer2o",
    "email": "xreadman2o@networksolutions.com",
    "createdAt": 1615144265819
  },
  {
    "username": "ecaulliere2p",
    "email": "emclucky2p@latimes.com",
    "createdAt": 1615144265820
  },
  {
    "username": "edowe2q",
    "email": "kkures2q@wordpress.org",
    "createdAt": 1615144265821
  },
  {
    "username": "mglasheen2r",
    "email": "sfasset2r@unesco.org",
    "createdAt": 1615144265822
  }
]
