[
  {
    "name": "Trudeo",
    "address": "592 Rockefeller Pass",
    "cordsLatitute": 53.1250118,
    "cordsLongitude": 7.0114962
  },
  {
    "name": "Topdrive",
    "address": "247 Colorado Avenue",
    "cordsLatitute": -5.7,
    "cordsLongitude": -75.983333
  },
  {
    "name": "Roombo",
    "address": "19 Brown Street",
    "cordsLatitute": 6.6486989,
    "cordsLongitude": -4.2051476
  },
  {
    "name": "Ozu",
    "address": "94 Dayton Place",
    "cordsLatitute": 49.0096906,
    "cordsLongitude": 2.5479245
  },
  {
    "name": "Voomm",
    "address": "9 Lukken Pass",
    "cordsLatitute": 31.918232,
    "cordsLongitude": 119.976948
  },
  {
    "name": "Skimia",
    "address": "9734 Oneill Drive",
    "cordsLatitute": 46.5448561,
    "cordsLongitude": 15.0941863
  },
  {
    "name": "Katz",
    "address": "14957 School Crossing",
    "cordsLatitute": 55.7227702,
    "cordsLongitude": 38.9796562
  },
  {
    "name": "Flipopia",
    "address": "81773 Anthes Court",
    "cordsLatitute": -7.287363,
    "cordsLongitude": 112.755971
  },
  {
    "name": "Tagcat",
    "address": "188 Stephen Circle",
    "cordsLatitute": 21.660935,
    "cordsLongitude": 109.207335
  },
  {
    "name": "Babbleset",
    "address": "238 Hudson Plaza",
    "cordsLatitute": -6.8857846,
    "cordsLongitude": 111.2219041
  },
  {
    "name": "Tambee",
    "address": "33 Buhler Avenue",
    "cordsLatitute": 60.8110019,
    "cordsLongitude": 21.4457309
  },
  {
    "name": "Demimbu",
    "address": "28903 Talisman Hill",
    "cordsLatitute": 28.30251,
    "cordsLongitude": 103.98482
  },
  {
    "name": "Fanoodle",
    "address": "93 Armistice Hill",
    "cordsLatitute": 26.629211,
    "cordsLongitude": 101.266195
  },
  {
    "name": "Abata",
    "address": "9472 Wayridge Avenue",
    "cordsLatitute": 62.5013857,
    "cordsLongitude": 27.7904218
  },
  {
    "name": "Youspan",
    "address": "180 Sachs Road",
    "cordsLatitute": 26.885704,
    "cordsLongitude": 120.005147
  },
  {
    "name": "Zava",
    "address": "65 Porter Circle",
    "cordsLatitute": 22.691253,
    "cordsLongitude": 114.346251
  },
  {
    "name": "Wikibox",
    "address": "28 Mosinee Hill",
    "cordsLatitute": 30.732578,
    "cordsLongitude": 73.8168807
  },
  {
    "name": "Yotz",
    "address": "8 Lyons Park",
    "cordsLatitute": 40.6945206,
    "cordsLongitude": -7.8725232
  },
  {
    "name": "Dabfeed",
    "address": "914 Sloan Lane",
    "cordsLatitute": 47.233746,
    "cordsLongitude": 122.018799
  },
  {
    "name": "Voonte",
    "address": "07 Manitowish Lane",
    "cordsLatitute": 12.3434106,
    "cordsLongitude": -86.6762176
  },
  {
    "name": "Tekfly",
    "address": "088 Sycamore Junction",
    "cordsLatitute": -6.5573445,
    "cordsLongitude": 107.4292386
  },
  {
    "name": "Abatz",
    "address": "857 Grayhawk Junction",
    "cordsLatitute": 17.6282027,
    "cordsLongitude": 121.7170078
  },
  {
    "name": "Realbridge",
    "address": "13792 Sunfield Park",
    "cordsLatitute": 38.0426062,
    "cordsLongitude": 23.7536323
  },
  {
    "name": "Skiptube",
    "address": "971 Crowley Hill",
    "cordsLatitute": 43.3155137,
    "cordsLongitude": 27.4337343
  },
  {
    "name": "Feedspan",
    "address": "2 Miller Road",
    "cordsLatitute": 8.5493413,
    "cordsLongitude": -71.2428737
  },
  {
    "name": "Aimbo",
    "address": "2 Evergreen Point",
    "cordsLatitute": -10.0519585,
    "cordsLongitude": -36.2196853
  },
  {
    "name": "Kimia",
    "address": "762 7th Alley",
    "cordsLatitute": 16.237173,
    "cordsLongitude": -61.528372
  },
  {
    "name": "Twitternation",
    "address": "5 Kim Place",
    "cordsLatitute": 25.505194,
    "cordsLongitude": 108.484536
  },
  {
    "name": "Thoughtstorm",
    "address": "2 Division Avenue",
    "cordsLatitute": -27.6662277,
    "cordsLongitude": -48.5269452
  },
  {
    "name": "Tazz",
    "address": "97 Troy Center",
    "cordsLatitute": -8.707209,
    "cordsLongitude": 34.3809905
  }
]
